{"tissue_hires_scalef": 0.15755475, "tissue_lowres_scalef": 0.047266424, "fiducial_diameter_fullres": 139.48137, "spot_diameter_fullres": 86.34561000000001}